Company Name,Homepage URL
Fit Design,https://fitdesignldn.com/
DesignMe,https://www.designme.agency/
Solace,https://solace.digital/
Generiss Media,http://www.generiss.com/
Instilled,https://instilled.co.uk/
Critical Media Ltd,https://criticalmedia.co.uk/
Progressum Digital,https://progressumdigital.co.uk/
ID Studio Web Agency,https://www.netdreams.co.uk/
Bit Zesty,https://bitzesty.com/
Visions Design,https://www.visionsdesign.co.uk/
SimpleClick,https://www.simpleclick.co.uk/
Zentix,https://zentixsoft.com/en
Citrus Suite,https://www.citrussuite.com/
Web Choice,https://www.webdesignchoice.co.uk/
The UK Web Design Company,https://the-web-design-company.co.uk/
WEDOWEBAPPS LTD,https://www.wedowebapps.co.uk/
App Haus,https://appg.co/
Bad Dinosaur,https://www.baddinosaur.co.uk/
