Name,Profile URL
Waterplan,https://www.ycombinator.com/companies/waterplan
Albiware Inc.,https://www.ycombinator.com/companies/albiware-inc
Sitenna,https://www.ycombinator.com/companies/sitenna
Dimely,https://www.ycombinator.com/companies/dimely
PropelAuth,https://www.ycombinator.com/companies/propelauth
Sero,https://www.ycombinator.com/companies/sero
Xkit,https://www.ycombinator.com/companies/xkit
Tesseral,https://www.ycombinator.com/companies/tesseral
Natero,https://www.ycombinator.com/companies/natero
CustomerOS,https://www.ycombinator.com/companies/customeros
Cleon,https://www.ycombinator.com/companies/cleon
LedgerUp,https://www.ycombinator.com/companies/ledgerup
SafetyKit,https://www.ycombinator.com/companies/safetykit
Alguna,https://www.ycombinator.com/companies/alguna
BiggerPicture,https://www.ycombinator.com/companies/biggerpicture
Clupp,https://www.ycombinator.com/companies/clupp
Payflow,https://www.ycombinator.com/companies/payflow
June,https://www.ycombinator.com/companies/june
Elemeno Health,https://www.ycombinator.com/companies/elemeno-health
Bento,https://www.ycombinator.com/companies/bento
FuseAI,https://www.ycombinator.com/companies/fuseai
Verbiflow,https://www.ycombinator.com/companies/verbiflow
Metreecs,https://www.ycombinator.com/companies/metreecs
Octolane AI,https://www.ycombinator.com/companies/octolane-ai
Precip,https://www.ycombinator.com/companies/precip
Every,https://www.ycombinator.com/companies/every
Resend,https://www.ycombinator.com/companies/resend
Gluetrail,https://www.ycombinator.com/companies/gluetrail
Nango,https://www.ycombinator.com/companies/nango
Pasito,https://www.ycombinator.com/companies/pasito
Poly,https://www.ycombinator.com/companies/poly
Lifted,https://www.ycombinator.com/companies/lifted
Gather,https://www.ycombinator.com/companies/gather
Aklimate,https://www.ycombinator.com/companies/aklimate
Levers,https://www.ycombinator.com/companies/levers
FurtherAI,https://www.ycombinator.com/companies/furtherai
refine,https://www.ycombinator.com/companies/refine
Confident LIMS,https://www.ycombinator.com/companies/confident-lims
Segment,https://www.ycombinator.com/companies/segment
Benchling,https://www.ycombinator.com/companies/benchling
Fivetran,https://www.ycombinator.com/companies/fivetran
Zapier,https://www.ycombinator.com/companies/zapier
Quartzy,https://www.ycombinator.com/companies/quartzy
Giveffect,https://www.ycombinator.com/companies/giveffect
Dyspatch,https://www.ycombinator.com/companies/dyspatch
Guesty,https://www.ycombinator.com/companies/guesty
Snapdocs,https://www.ycombinator.com/companies/snapdocs
DevCycle,https://www.ycombinator.com/companies/devcycle
Ambition,https://www.ycombinator.com/companies/ambition
Submittable,https://www.ycombinator.com/companies/submittable
Cactus,https://www.ycombinator.com/companies/oncactus
Probo,https://www.ycombinator.com/companies/probo
Opusense AI,https://www.ycombinator.com/companies/opusense-ai
Clado,https://www.ycombinator.com/companies/clado
Capacitive,https://www.ycombinator.com/companies/capacitive
Outlit,https://www.ycombinator.com/companies/outlit
Riviera,https://www.ycombinator.com/companies/riviera
Vovana,https://www.ycombinator.com/companies/vovana
G LNK,https://www.ycombinator.com/companies/g-lnk
HealthKey,https://www.ycombinator.com/companies/healthkey
Oki,https://www.ycombinator.com/companies/oki
NextByte,https://www.ycombinator.com/companies/nextbyte
Autumn,https://www.ycombinator.com/companies/autumn
Dexter,https://www.ycombinator.com/companies/dexter
Tiny,https://www.ycombinator.com/companies/tiny
Merlin AI,https://www.ycombinator.com/companies/merlin-ai
Zimi,https://www.ycombinator.com/companies/zimi
&AI,https://www.ycombinator.com/companies/ai-2
Distro,https://www.ycombinator.com/companies/distro
Gauge,https://www.ycombinator.com/companies/gauge
Tivara,https://www.ycombinator.com/companies/tivara
Veles,https://www.ycombinator.com/companies/veles
Delve,https://www.ycombinator.com/companies/delve
Bilanc,https://www.ycombinator.com/companies/bilanc
Salvy,https://www.ycombinator.com/companies/salvy
Artisan,https://www.ycombinator.com/companies/artisan
Foundation,https://www.ycombinator.com/companies/foundation-2
Strada,https://www.ycombinator.com/companies/strada
Fragment,https://www.ycombinator.com/companies/fragment
Health Harbor,https://www.ycombinator.com/companies/health-harbor
Agentive,https://www.ycombinator.com/companies/agentive
Elyos,https://www.ycombinator.com/companies/elyos
Twenty,https://www.ycombinator.com/companies/twenty
HockeyStack,https://www.ycombinator.com/companies/hockeystack
SpecCheck,https://www.ycombinator.com/companies/speccheck
Conduit,https://www.ycombinator.com/companies/conduit
Swishjam,https://www.ycombinator.com/companies/swishjam
Mantys,https://www.ycombinator.com/companies/mantys
Hona,https://www.ycombinator.com/companies/hona
Vitalize Care,https://www.ycombinator.com/companies/vitalize-care
Honeydew,https://www.ycombinator.com/companies/honeydew
Hadrius,https://www.ycombinator.com/companies/hadrius
Haven,https://www.ycombinator.com/companies/haven-2
Polo,https://www.ycombinator.com/companies/polo
Coperniq,https://www.ycombinator.com/companies/coperniq
FlexWash,https://www.ycombinator.com/companies/flexwash
Pledge Health,https://www.ycombinator.com/companies/pledge-health
Trackstar,https://www.ycombinator.com/companies/trackstar
Lume,https://www.ycombinator.com/companies/lume-2
Versori,https://www.ycombinator.com/companies/versori
rift,https://www.ycombinator.com/companies/rift
Miracle,https://www.ycombinator.com/companies/miracle
AccessOwl,https://www.ycombinator.com/companies/accessowl
Cone,https://www.ycombinator.com/companies/cone
MovingLake,https://www.ycombinator.com/companies/movinglake
Entvin,https://www.ycombinator.com/companies/entvin
Oneleet,https://www.ycombinator.com/companies/oneleet
Superbar (Formerly Caddie),https://www.ycombinator.com/companies/superbar-formerly-caddie
Patika,https://www.ycombinator.com/companies/patika
Relate,https://www.ycombinator.com/companies/relate
CompUp,https://www.ycombinator.com/companies/compup
Unthread,https://www.ycombinator.com/companies/unthread
Peoplebox,https://www.ycombinator.com/companies/peoplebox
Sytex,https://www.ycombinator.com/companies/sytex
Pivot,https://www.ycombinator.com/companies/pivot
Aragorn AI,https://www.ycombinator.com/companies/aragorn-ai
Popsy,https://www.ycombinator.com/companies/popsy
Boostly,https://www.ycombinator.com/companies/boostly
Paragon AI,https://www.ycombinator.com/companies/paragon-ai
Blitz,https://www.ycombinator.com/companies/blitz
Bunting Labs,https://www.ycombinator.com/companies/bunting-labs
Dittofeed,https://www.ycombinator.com/companies/dittofeed
Chordio,https://www.ycombinator.com/companies/chordio
Banabo,https://www.ycombinator.com/companies/banabo
Onboard.io,https://www.ycombinator.com/companies/onboard-io
Cinapse,https://www.ycombinator.com/companies/cinapse
Dealls â€“Â Jobs & Mentoring,https://www.ycombinator.com/companies/dealls-jobs-and-mentoring
Kenobi,https://www.ycombinator.com/companies/kenobi
Tuesday,https://www.ycombinator.com/companies/tuesday
Unravel Carbon,https://www.ycombinator.com/companies/unravel-carbon
Rally UXR,https://www.ycombinator.com/companies/rally-uxr
Unsaddl,https://www.ycombinator.com/companies/unsaddl
Fogbender,https://www.ycombinator.com/companies/fogbender
Kular,https://www.ycombinator.com/companies/kular
Talentropy.ai,https://www.ycombinator.com/companies/talentropy-ai
Bemlo,https://www.ycombinator.com/companies/bemlo
Take App,https://www.ycombinator.com/companies/take-app
Arintra,https://www.ycombinator.com/companies/arintra
Agency,https://www.ycombinator.com/companies/agency
Tuva Health,https://www.ycombinator.com/companies/tuva-health
Complete,https://www.ycombinator.com/companies/complete
Super Send,https://www.ycombinator.com/companies/super-send
RDash,https://www.ycombinator.com/companies/rdash
Rehook.ai,https://www.ycombinator.com/companies/rehook-ai
Atlas,https://www.ycombinator.com/companies/atlas-2
Instant Labs,https://www.ycombinator.com/companies/instant-labs
Yezza,https://www.ycombinator.com/companies/yezza
Blaze,https://www.ycombinator.com/companies/blaze
Agave,https://www.ycombinator.com/companies/agave
StafBook,https://www.ycombinator.com/companies/stafbook
Sully.ai,https://www.ycombinator.com/companies/sully-ai
Beau,https://www.ycombinator.com/companies/beau
Datlo,https://www.ycombinator.com/companies/datlo
Birdie,https://www.ycombinator.com/companies/birdie
Storylane,https://www.ycombinator.com/companies/storylane
Orderli,https://www.ycombinator.com/companies/orderli
Malga,https://www.ycombinator.com/companies/malga
Onfolk,https://www.ycombinator.com/companies/onfolk
Coast,https://www.ycombinator.com/companies/coast
Akute Health,https://www.ycombinator.com/companies/akute-health
Stardex,https://www.ycombinator.com/companies/stardex
Momo Medical,https://www.ycombinator.com/companies/momo-medical
Markix,https://www.ycombinator.com/companies/markix
Matidor.com,https://www.ycombinator.com/companies/matidor-com
SigmaOS,https://www.ycombinator.com/companies/sigmaos
Kaya,https://www.ycombinator.com/companies/kaya
Secoda,https://www.ycombinator.com/companies/secoda
Anakin,https://www.ycombinator.com/companies/anakin
ShopMyGPT.com,https://www.ycombinator.com/companies/shopmygpt-com
Cabal,https://www.ycombinator.com/companies/cabal
Advantage Club,https://www.ycombinator.com/companies/advantage-club
Rivia.AI,https://www.ycombinator.com/companies/rivia-ai
Deed,https://www.ycombinator.com/companies/deed
Varos,https://www.ycombinator.com/companies/varos
Customily,https://www.ycombinator.com/companies/customily
PaletteHQ,https://www.ycombinator.com/companies/palettehq
Cococart,https://www.ycombinator.com/companies/cococart
eqtble,https://www.ycombinator.com/companies/eqtble
Terra API,https://www.ycombinator.com/companies/terra-api
MarqVision,https://www.ycombinator.com/companies/marqvision
Navattic,https://www.ycombinator.com/companies/navattic
Jetdocs,https://www.ycombinator.com/companies/jetdocs
OlaClick,https://www.ycombinator.com/companies/olaclick
Treinta,https://www.ycombinator.com/companies/treinta
FlowEQ,https://www.ycombinator.com/companies/floweq
Chatwoot,https://www.ycombinator.com/companies/chatwoot
Resquared,https://www.ycombinator.com/companies/resquared
Great Question,https://www.ycombinator.com/companies/great-question
Hudu,https://www.ycombinator.com/companies/hudu
BrioHR,https://www.ycombinator.com/companies/briohr
Fathom,https://www.ycombinator.com/companies/fathom
Firstbase.io,https://www.ycombinator.com/companies/firstbase-io
Version Story,https://www.ycombinator.com/companies/version-story
Prequel,https://www.ycombinator.com/companies/prequel
Laudspeaker,https://www.ycombinator.com/companies/laudspeaker
Bluelight,https://www.ycombinator.com/companies/bluelight
Waypoint,https://www.ycombinator.com/companies/waypoint
MedMe Health,https://www.ycombinator.com/companies/medme-health
Humaans,https://www.ycombinator.com/companies/humaans
Runway,https://www.ycombinator.com/companies/runway
Zuddl,https://www.ycombinator.com/companies/zuddl
Mozart Data,https://www.ycombinator.com/companies/mozart-data
Farel,https://www.ycombinator.com/companies/farel
TyltGO,https://www.ycombinator.com/companies/tyltgo
Tella,https://www.ycombinator.com/companies/tella
Mailwarm,https://www.ycombinator.com/companies/mailwarm
Hellometer,https://www.ycombinator.com/companies/hellometer
Stacker,https://www.ycombinator.com/companies/stacker
Mesh,https://www.ycombinator.com/companies/mesh
Swif.ai,https://www.ycombinator.com/companies/swif-ai
Queue,https://www.ycombinator.com/companies/queue
Luminai,https://www.ycombinator.com/companies/luminai
Mutiny,https://www.ycombinator.com/companies/mutiny
Jitsu,https://www.ycombinator.com/companies/jitsu
Embeddables (formerly Savvy),https://www.ycombinator.com/companies/embeddables
Meitre,https://www.ycombinator.com/companies/meitre
Glowing.io,https://www.ycombinator.com/companies/glowing-io
Shogun,https://www.ycombinator.com/companies/shogun
Candidate.ly,https://www.ycombinator.com/companies/candidate-ly
Gem,https://www.ycombinator.com/companies/gem
Officely,https://www.ycombinator.com/companies/officely
Close,https://www.ycombinator.com/companies/close
Ridecell,https://www.ycombinator.com/companies/ridecell
UpKeep,https://www.ycombinator.com/companies/upkeep
Loop Support,https://www.ycombinator.com/companies/loop-support
HireArt,https://www.ycombinator.com/companies/hireart
Linkana,https://www.ycombinator.com/companies/linkana
Zeo Route Planner,https://www.ycombinator.com/companies/zeo-route-planner
ToDesktop,https://www.ycombinator.com/companies/todesktop
Basedash,https://www.ycombinator.com/companies/basedash
Polytomic,https://www.ycombinator.com/companies/polytomic
Accord,https://www.ycombinator.com/companies/accord
Index,https://www.ycombinator.com/companies/index-3
InEvent,https://www.ycombinator.com/companies/inevent
Instrumentl,https://www.ycombinator.com/companies/instrumentl
Pyxai,https://www.ycombinator.com/companies/pyxai
Demodesk,https://www.ycombinator.com/companies/demodesk
Ascen,https://www.ycombinator.com/companies/ascen
MixRank,https://www.ycombinator.com/companies/mixrank
Copia,https://www.ycombinator.com/companies/copia
Eden,https://www.ycombinator.com/companies/eden
GovPredict,https://www.ycombinator.com/companies/govpredict
PersistIQ,https://www.ycombinator.com/companies/persistiq
Apptimize,https://www.ycombinator.com/companies/apptimize
Keep,https://www.ycombinator.com/companies/keep
Viddy,https://www.ycombinator.com/companies/viddy
Bracket,https://www.ycombinator.com/companies/bracket
Laudable,https://www.ycombinator.com/companies/laudable
Keyri,https://www.ycombinator.com/companies/keyri
Hilos,https://www.ycombinator.com/companies/quid
Journey,https://www.ycombinator.com/companies/journey
Preki,https://www.ycombinator.com/companies/preki
Worksphere,https://www.ycombinator.com/companies/worksphere
Enable Us,https://www.ycombinator.com/companies/enable-us
Partnered,https://www.ycombinator.com/companies/partnered-2
Brevy,https://www.ycombinator.com/companies/brevy
Clew,https://www.ycombinator.com/companies/clew
Workbase,https://www.ycombinator.com/companies/workbase
Command AI,https://www.ycombinator.com/companies/command-ai
Hivy,https://www.ycombinator.com/companies/hivy
Flowdash,https://www.ycombinator.com/companies/flowdash
Zaraz,https://www.ycombinator.com/companies/zaraz
Data Mechanics,https://www.ycombinator.com/companies/data-mechanics
Patchwork,https://www.ycombinator.com/companies/patchwork
Unhaze,https://www.ycombinator.com/companies/unhaze
CraftOS,https://www.ycombinator.com/companies/craftos
Sorted,https://www.ycombinator.com/companies/sorted
Stellar,https://www.ycombinator.com/companies/stellar
Integration Labs,https://www.ycombinator.com/companies/integration-labs
Protego,https://www.ycombinator.com/companies/protego
MeetAnyway,https://www.ycombinator.com/companies/meetanyway
Charge Running,https://www.ycombinator.com/companies/charge-running
Parade,https://www.ycombinator.com/companies/parade
User Hero,https://www.ycombinator.com/companies/user-hero
Storyboard,https://www.ycombinator.com/companies/storyboard
onetool,https://www.ycombinator.com/companies/onetool
Cadence,https://www.ycombinator.com/companies/cadence
Quickcard,https://www.ycombinator.com/companies/quickcard
Alana,https://www.ycombinator.com/companies/alana
Comradery,https://www.ycombinator.com/companies/comradery
Deel,https://www.ycombinator.com/companies/deel
Podium,https://www.ycombinator.com/companies/podium
Tesorio,https://www.ycombinator.com/companies/tesorio
PartnerStack,https://www.ycombinator.com/companies/partnerstack
Panorama Education,https://www.ycombinator.com/companies/panorama-education
TripleZip,https://www.ycombinator.com/companies/triplezip
Formula Insight,https://www.ycombinator.com/companies/formula-insight
Fluently,https://www.ycombinator.com/companies/fluently
OffDeal,https://www.ycombinator.com/companies/offdeal
Trayd,https://www.ycombinator.com/companies/trayd
SantÃ©,https://www.ycombinator.com/companies/sante
Holacasa,https://www.ycombinator.com/companies/holacasa
Clad,https://www.ycombinator.com/companies/clad
Milio,https://www.ycombinator.com/companies/milio
Suger,https://www.ycombinator.com/companies/suger
Bujeti,https://www.ycombinator.com/companies/bujeti
Ruby Card,https://www.ycombinator.com/companies/ruby-card
Backdrop,https://www.ycombinator.com/companies/backdrop
REVER,https://www.ycombinator.com/companies/rever
PrimeVault,https://www.ycombinator.com/companies/primevault
AviaryAI,https://www.ycombinator.com/companies/aviaryai
Delegasi,https://www.ycombinator.com/companies/delegasi
Chariot,https://www.ycombinator.com/companies/chariot-2
Stream,https://www.ycombinator.com/companies/stream
Vobi,https://www.ycombinator.com/companies/vobi
SNAB,https://www.ycombinator.com/companies/snab
Attain,https://www.ycombinator.com/companies/attain
DimOrder,https://www.ycombinator.com/companies/dimorder
Cash Flow Portal,https://www.ycombinator.com/companies/cash-flow-portal
FinFlx,https://www.ycombinator.com/companies/finflx
SpadeWorks,https://www.ycombinator.com/companies/spadeworks
digiventures,https://www.ycombinator.com/companies/digiventures
SALT,https://www.ycombinator.com/companies/salt
RecordBook,https://www.ycombinator.com/companies/recordbook
Cardda,https://www.ycombinator.com/companies/cardda
haddock,https://www.ycombinator.com/companies/haddock
Complif,https://www.ycombinator.com/companies/complif
Peakflo,https://www.ycombinator.com/companies/peakflo
TrÃ©bol,https://www.ycombinator.com/companies/trebol
Rebill,https://www.ycombinator.com/companies/rebill
Kapital Bank,https://www.ycombinator.com/companies/kapital-bank
Arc,https://www.ycombinator.com/companies/arc-2
Chipax,https://www.ycombinator.com/companies/chipax
Nash,https://www.ycombinator.com/companies/nash
Ahazou,https://www.ycombinator.com/companies/ahazou
Pactima,https://www.ycombinator.com/companies/pactima
Verde,https://www.ycombinator.com/companies/verde
Adni,https://www.ycombinator.com/companies/adni
lapzo,https://www.ycombinator.com/companies/lapzo
Maroo,https://www.ycombinator.com/companies/maroo
Hypercore,https://www.ycombinator.com/companies/hypercore
Keeper,https://www.ycombinator.com/companies/keeper
AppX,https://www.ycombinator.com/companies/appx
SalaryBook,https://www.ycombinator.com/companies/salarybook
SwiftSku,https://www.ycombinator.com/companies/swiftsku
Ontop,https://www.ycombinator.com/companies/ontop
Roger,https://www.ycombinator.com/companies/roger
QuotaBook,https://www.ycombinator.com/companies/quotabook
GimBooks,https://www.ycombinator.com/companies/gimbooks
ControlHub,https://www.ycombinator.com/companies/controlhub
CashBook,https://www.ycombinator.com/companies/cashbook
Payflow,https://www.ycombinator.com/companies/payflow-2
Heron Data,https://www.ycombinator.com/companies/heron-data
Parrot Software ðŸ¦œ,https://www.ycombinator.com/companies/parrot-software
Spenmo,https://www.ycombinator.com/companies/spenmo
Ready,https://www.ycombinator.com/companies/ready
Volopay,https://www.ycombinator.com/companies/volopay
UBITS,https://www.ycombinator.com/companies/ubits
Aspire,https://www.ycombinator.com/companies/aspire
Fondo,https://www.ycombinator.com/companies/fondo
Torch,https://www.ycombinator.com/companies/torch
Plane,https://www.ycombinator.com/companies/plane
Gas Pos,https://www.ycombinator.com/companies/gas-pos
Workpay,https://www.ycombinator.com/companies/workpay
borong,https://www.ycombinator.com/companies/borong
GuruHotel,https://www.ycombinator.com/companies/guruhotel
Upflow,https://www.ycombinator.com/companies/upflow
Zeal,https://www.ycombinator.com/companies/zeal
Method Financial,https://www.ycombinator.com/companies/method-financial
Middesk,https://www.ycombinator.com/companies/middesk
Stilt,https://www.ycombinator.com/companies/stilt
Abacus,https://www.ycombinator.com/companies/abacus
Zenter,https://www.ycombinator.com/companies/zenter
UpLink,https://www.ycombinator.com/companies/uplink
Proper,https://www.ycombinator.com/companies/proper
Goodkind,https://www.ycombinator.com/companies/goodkind
Plerk,https://www.ycombinator.com/companies/plerk
Finmark,https://www.ycombinator.com/companies/finmark
Nova,https://www.ycombinator.com/companies/nova-2
disclosures.io,https://www.ycombinator.com/companies/disclosures-io
Paperplane,https://www.ycombinator.com/companies/paperplane
Ruleset,https://www.ycombinator.com/companies/ruleset
Finantier,https://www.ycombinator.com/companies/finantier
Synapsica Healthcare,https://www.ycombinator.com/companies/synapsica-healthcare
Fuse,https://www.ycombinator.com/companies/fuse
CapWay,https://www.ycombinator.com/companies/capway
Algolia,https://www.ycombinator.com/companies/algolia
GitPrime,https://www.ycombinator.com/companies/gitprime
OneSignal,https://www.ycombinator.com/companies/onesignal
Cohesive,https://www.ycombinator.com/companies/cohesive
Den,https://www.ycombinator.com/companies/den
Delty,https://www.ycombinator.com/companies/delty
Ergo,https://www.ycombinator.com/companies/ergo
Spott,https://www.ycombinator.com/companies/spott
Calltree AI,https://www.ycombinator.com/companies/calltree-ai
Cuckoo Labs,https://www.ycombinator.com/companies/cuckoo-labs
Vetnio,https://www.ycombinator.com/companies/vetnio
Trace,https://www.ycombinator.com/companies/trace
Relvy AI,https://www.ycombinator.com/companies/relvy-ai
ArchiLabs,https://www.ycombinator.com/companies/archilabs
Chorrie,https://www.ycombinator.com/companies/chorrie
Gecko Security,https://www.ycombinator.com/companies/gecko-security
Raycaster,https://www.ycombinator.com/companies/raycaster
Upshift,https://www.ycombinator.com/companies/upshift
Symphony,https://www.ycombinator.com/companies/symphony
Galini,https://www.ycombinator.com/companies/galini
PathPilot,https://www.ycombinator.com/companies/pathpilot
Affil.ai,https://www.ycombinator.com/companies/affil-ai
Mica AI,https://www.ycombinator.com/companies/mica-ai
Rescript,https://www.ycombinator.com/companies/rescript
Baseline AI,https://www.ycombinator.com/companies/baseline-ai
RiskAngle,https://www.ycombinator.com/companies/riskangle
Asterisk,https://www.ycombinator.com/companies/asterisk
Seals AI,https://www.ycombinator.com/companies/seals-ai
Planbase,https://www.ycombinator.com/companies/planbase
Vibe,https://www.ycombinator.com/companies/vibe
Stormy AI â€“ Autonomous marketing agent,https://www.ycombinator.com/companies/stormy-ai-autonomous-marketing-agent
ProhostAI,https://www.ycombinator.com/companies/prohostai
Spherecast,https://www.ycombinator.com/companies/spherecast
Basepilot,https://www.ycombinator.com/companies/basepilot
Openmart,https://www.ycombinator.com/companies/openmart
Thorntale,https://www.ycombinator.com/companies/thorntale
Brainbase,https://www.ycombinator.com/companies/brainbase
Model ML,https://www.ycombinator.com/companies/model-ml
Risotto,https://www.ycombinator.com/companies/risotto
Andy AI,https://www.ycombinator.com/companies/andy-ai
Superagent,https://www.ycombinator.com/companies/superagent
Centralize,https://www.ycombinator.com/companies/centralize
Topo,https://www.ycombinator.com/companies/topo
Roe AI,https://www.ycombinator.com/companies/roe-ai
Apriora,https://www.ycombinator.com/companies/apriora
Taylor AI,https://www.ycombinator.com/companies/taylor-ai
Constructable,https://www.ycombinator.com/companies/constructable
AiSDR,https://www.ycombinator.com/companies/aisdr
Fiber AI,https://www.ycombinator.com/companies/fiber-ai
Inventive AI,https://www.ycombinator.com/companies/inventive-ai
DisputeNinja,https://www.ycombinator.com/companies/disputeninja
Rankai,https://www.ycombinator.com/companies/rankai
Sourcepulse,https://www.ycombinator.com/companies/sourcepulse
Outset,https://www.ycombinator.com/companies/outset
Synch,https://www.ycombinator.com/companies/synch
PropRise,https://www.ycombinator.com/companies/proprise
Clearest Health,https://www.ycombinator.com/companies/clearest-health
Vaero,https://www.ycombinator.com/companies/vaero
Koala Ops,https://www.ycombinator.com/companies/koala-ops
Vector,https://www.ycombinator.com/companies/vector
Fabius,https://www.ycombinator.com/companies/fabius
Fern,https://www.ycombinator.com/companies/fern
Retape,https://www.ycombinator.com/companies/retape
Clueso,https://www.ycombinator.com/companies/clueso
Sherloq,https://www.ycombinator.com/companies/sherloq
Sage AI,https://www.ycombinator.com/companies/sage-ai
IcePanel,https://www.ycombinator.com/companies/icepanel
BuildJet,https://www.ycombinator.com/companies/buildjet
Propexo,https://www.ycombinator.com/companies/propexo
Narrative,https://www.ycombinator.com/companies/narrative
Omnistrate,https://www.ycombinator.com/companies/omnistrate
Versive,https://www.ycombinator.com/companies/versive
Palomma,https://www.ycombinator.com/companies/palomma
Layup,https://www.ycombinator.com/companies/layup
DrDroid,https://www.ycombinator.com/companies/drdroid
Syncly,https://www.ycombinator.com/companies/syncly
Trigger.dev,https://www.ycombinator.com/companies/trigger-dev
Infisical,https://www.ycombinator.com/companies/infisical
Wondercraft,https://www.ycombinator.com/companies/wondercraft
Neosync,https://www.ycombinator.com/companies/neosync
Slidely AI,https://www.ycombinator.com/companies/slidely-ai
Zapi,https://www.ycombinator.com/companies/zapi
Namecard.ai,https://www.ycombinator.com/companies/namecard-ai
Windmill,https://www.ycombinator.com/companies/windmill
Champ,https://www.ycombinator.com/companies/champ
Tailor,https://www.ycombinator.com/companies/tailor
Stackup,https://www.ycombinator.com/companies/stackup
SigmaMind AI,https://www.ycombinator.com/companies/sigmamind-ai
Ciro,https://www.ycombinator.com/companies/ciro
Workflow86,https://www.ycombinator.com/companies/workflow86
Nullstone,https://www.ycombinator.com/companies/nullstone
Cinder,https://www.ycombinator.com/companies/cinder-2
Lovage,https://www.ycombinator.com/companies/lovage
Curacel,https://www.ycombinator.com/companies/curacel
Bunkyr,https://www.ycombinator.com/companies/bunkyr
SilkChart,https://www.ycombinator.com/companies/silkchart
GrowthBook,https://www.ycombinator.com/companies/growthbook
Aviator,https://www.ycombinator.com/companies/aviator
outloud.ai,https://www.ycombinator.com/companies/outloud-ai
Mentum,https://www.ycombinator.com/companies/mentum
OneSchema,https://www.ycombinator.com/companies/oneschema
Dot,https://www.ycombinator.com/companies/dot
Scispot,https://www.ycombinator.com/companies/scispot-io
Verihubs,https://www.ycombinator.com/companies/verihubs
Echoes HQ,https://www.ycombinator.com/companies/echoes-hq
hotglue,https://www.ycombinator.com/companies/hotglue
Rulebricks,https://www.ycombinator.com/companies/rulebricks
TRACTIAN,https://www.ycombinator.com/companies/tractian
Rinsed,https://www.ycombinator.com/companies/rinsed
FirstSupport.ai,https://www.ycombinator.com/companies/firstsupport-ai
Expent Inc,https://www.ycombinator.com/companies/expent-inc
Vogent,https://www.ycombinator.com/companies/vogent
SigNoz,https://www.ycombinator.com/companies/signoz
DraftWise,https://www.ycombinator.com/companies/draftwise
BIK,https://www.ycombinator.com/companies/bik
SuperTokens,https://www.ycombinator.com/companies/supertokens
Regology,https://www.ycombinator.com/companies/regology
Thematic,https://www.ycombinator.com/companies/thematic
NanoNets,https://www.ycombinator.com/companies/nanonets
Jet Admin,https://www.ycombinator.com/companies/jet-admin
Dropbase,https://www.ycombinator.com/companies/dropbase
Cortex,https://www.ycombinator.com/companies/cortex
Porter,https://www.ycombinator.com/companies/porter
Taskade,https://www.ycombinator.com/companies/taskade
Freshpaint,https://www.ycombinator.com/companies/freshpaint
Superorder,https://www.ycombinator.com/companies/superorder
Okteto,https://www.ycombinator.com/companies/okteto
Switchboard,https://www.ycombinator.com/companies/switchboard
Community Phone Company,https://www.ycombinator.com/companies/community-phone-company
Hatch,https://www.ycombinator.com/companies/hatch
Sendbird,https://www.ycombinator.com/companies/sendbird
Instabug,https://www.ycombinator.com/companies/instabug
Revl,https://www.ycombinator.com/companies/revl
Swiftype,https://www.ycombinator.com/companies/swiftype
highlight.io,https://www.ycombinator.com/companies/highlight-io
Cardinal,https://www.ycombinator.com/companies/cardinal
Vizzly,https://www.ycombinator.com/companies/vizzly
HyperDX,https://www.ycombinator.com/companies/hyperdx
Arengu,https://www.ycombinator.com/companies/arengu
Uiflow,https://www.ycombinator.com/companies/uiflow
Reflect,https://www.ycombinator.com/companies/reflect
Scribe,https://www.ycombinator.com/companies/scribe
Hoss,https://www.ycombinator.com/companies/hoss
Windsor,https://www.ycombinator.com/companies/windsor
Preflight,https://www.ycombinator.com/companies/preflight
Celest,https://www.ycombinator.com/companies/celest
Branch AI,https://www.ycombinator.com/companies/branch-ai
Penguin AI,https://www.ycombinator.com/companies/penguin-ai
Mercator,https://www.ycombinator.com/companies/mercator
CoffeeAI,https://www.ycombinator.com/companies/coffeeai
Scratch Data,https://www.ycombinator.com/companies/scratch-data
Invoid,https://www.ycombinator.com/companies/invoid
Intelligent,https://www.ycombinator.com/companies/intelligent
webapp.io,https://www.ycombinator.com/companies/webapp-io
Metamanagement,https://www.ycombinator.com/companies/metamanagement
Voicery,https://www.ycombinator.com/companies/voicery
Clayboard,https://www.ycombinator.com/companies/clayboard
Orbiter,https://www.ycombinator.com/companies/orbiter
Enveloop,https://www.ycombinator.com/companies/enveloop
Unflow,https://www.ycombinator.com/companies/unflow
Pide Directo,https://www.ycombinator.com/companies/pide-directo
Quan,https://www.ycombinator.com/companies/quan
Zoios.,https://www.ycombinator.com/companies/zoios
Epsilon3,https://www.ycombinator.com/companies/epsilon3-inc
Arpio,https://www.ycombinator.com/companies/arpio
Text Blaze,https://www.ycombinator.com/companies/text-blaze
Buzzle,https://www.ycombinator.com/companies/buzzle
Tamarind Bio,https://www.ycombinator.com/companies/tamarind-bio
GiveCampus,https://www.ycombinator.com/companies/givecampus
TradeFlow,https://www.ycombinator.com/companies/tradeflow
Cashboard,https://www.ycombinator.com/companies/cashboard
Jutsoo,https://www.ycombinator.com/companies/jutsoo
Lumina,https://www.ycombinator.com/companies/lumina
Hyperseed,https://www.ycombinator.com/companies/hyperseed
Combinely,https://www.ycombinator.com/companies/combinely
Vantel,https://www.ycombinator.com/companies/vantel
Modus,https://www.ycombinator.com/companies/modus
Decisional AI,https://www.ycombinator.com/companies/decisional-ai
Clarum,https://www.ycombinator.com/companies/clarum
Campfire,https://www.ycombinator.com/companies/campfire-2
Pier,https://www.ycombinator.com/companies/pier
Unstatiq,https://www.ycombinator.com/companies/unstatiq
Truewind,https://www.ycombinator.com/companies/truewind
Cloudchipr,https://www.ycombinator.com/companies/cloudchipr
Concourse,https://www.ycombinator.com/companies/concourse
Finnt,https://www.ycombinator.com/companies/finnt
SalaryBox (by Titanmind),https://www.ycombinator.com/companies/salarybox-by-titanmind
Swipe,https://www.ycombinator.com/companies/swipe-2
Rootly,https://www.ycombinator.com/companies/rootly
Bitrise,https://www.ycombinator.com/companies/bitrise
Superb AI,https://www.ycombinator.com/companies/superb-ai
Sift,https://www.ycombinator.com/companies/sift
Clidey,https://www.ycombinator.com/companies/clidey
Artificial Societies,https://www.ycombinator.com/companies/artificial-societies
Sennu AI,https://www.ycombinator.com/companies/sennu-ai
Promptless,https://www.ycombinator.com/companies/promptless
Excellence Learning,https://www.ycombinator.com/companies/excellence-learning
CTGT,https://www.ycombinator.com/companies/ctgt
Anglera,https://www.ycombinator.com/companies/anglera
Palmier,https://www.ycombinator.com/companies/palmier
MagiCode,https://www.ycombinator.com/companies/magicode
Superunit,https://www.ycombinator.com/companies/superunit
Upsolve AI,https://www.ycombinator.com/companies/upsolve-ai
Lightski,https://www.ycombinator.com/companies/lightski
Coldreach,https://www.ycombinator.com/companies/coldreach
Wild Moose,https://www.ycombinator.com/companies/wild-moose
LaunchFlow,https://www.ycombinator.com/companies/launchflow
Indexical,https://www.ycombinator.com/companies/indexical
Chima,https://www.ycombinator.com/companies/chima
Lancey,https://www.ycombinator.com/companies/lancey
Artemis Search,https://www.ycombinator.com/companies/artemis-search
Superpowered AI,https://www.ycombinator.com/companies/superpowered-ai
Humand,https://www.ycombinator.com/companies/humand
Writesonic,https://www.ycombinator.com/companies/writesonic
Abstra,https://www.ycombinator.com/companies/abstra
Pibit.ai,https://www.ycombinator.com/companies/pibit-ai
Anima App,https://www.ycombinator.com/companies/anima-app
Trellus,https://www.ycombinator.com/companies/trellus
Dataherald,https://www.ycombinator.com/companies/dataherald
Pump.co,https://www.ycombinator.com/companies/pump-co
Laminar,https://www.ycombinator.com/companies/laminar
Sprites,https://www.ycombinator.com/companies/sprites
Fini,https://www.ycombinator.com/companies/fini
Letter AI,https://www.ycombinator.com/companies/letter-ai
Crustdata,https://www.ycombinator.com/companies/crustdata
Mercoa,https://www.ycombinator.com/companies/mercoa
FlyCode,https://www.ycombinator.com/companies/flycode
Feroot Security,https://www.ycombinator.com/companies/feroot-security
CarbonChain,https://www.ycombinator.com/companies/carbonchain
Farmako Healthcare,https://www.ycombinator.com/companies/farmako-healthcare
FAZZ,https://www.ycombinator.com/companies/fazz
Careerist,https://www.ycombinator.com/companies/careerist
Vanta,https://www.ycombinator.com/companies/vanta
JoinSub,https://www.ycombinator.com/companies/joinsub
Presti AI,https://www.ycombinator.com/companies/presti-ai
OneText,https://www.ycombinator.com/companies/onetext
Truva,https://www.ycombinator.com/companies/truva
Arcus,https://www.ycombinator.com/companies/arcus
