Company Name,Homepage URL,Career Page URL,,
Remote OK,remoteok.com,remoteok.com/remote-dev-jobs,,
We Work Remotely,weworkremotely.com,weworkremotely.com/categories/remote-programming-jobs,,
Remotive,remotive.io,remotive.io/remote-jobs,,
Jobspresso,jobspresso.co,jobspresso.co/remote-jobs,,
Stack Overflow Jobs,stackoverflow.com,stackoverflow.com/jobs,,
GitHub Jobs Archive,github.com,jobs.github.com (archived),,
AngelList Talent,angel.co,wellfound.com/jobs,,
RemoteLeaf,remoteleaf.com,remoteleaf.com/remote-jobs,,
Open Data Jobs,opendatajobs.com,opendatajobs.com/jobs,,
Startup Jobs,startup.jobs,startup.jobs,,
